step	loss
0	0.6656946539878845
1	0.4921691417694092
2	0.5689247250556946
3	0.5689247250556946
