{
    "eval": {
        "loss": 0.5689247250556946,
        "runtime": 21.5608,
        "samples_per_second": 0.464,
        "steps_per_second": 0.093
    },
    "epoch": 3.0,
    "step": 3,
    "train": {
        "runtime": 827.9631,
        "samples_per_second": 0.145,
        "steps_per_second": 0.018,
        "loss": 0.5467266082763672
    },
    "total_flos": 111832141455360.0
}
